id;h_trocarno;r_esdealerid;a_nfabricatieciv;t_ipautovehicul;c_odculoareexterior;d_escculoareexterior;v_opseametalizata;c_uloareinterior;o_bservatii;l_ocatie;o_mologareind;l_unasosireintara;r_ezervata;d_ataexpirarerez
1;3353;20454;56988;connect USB scalable;Bosnia and Herzegovina generate Creek;syndicate haptic;Bedfordshire;application driver;Credit Card Account Nevada;Persistent transparent Chips;front-end Intuitive vortals;Communications;Customer;Avon
2;61145;25601;1811;HDD Security Virginia;solid state Clothing deposit;Maine Checking Account markets;Unbranded programming District;Concrete;Pizza yellow programming;FTP;Persistent Investment Account;Handmade Plastic Mouse neural;Money Market Account;synergize
3;53739;86351;91985;web-enabled interactive capacitor;Idaho Grocery;Concrete Towels Avon;Automotive frame;Indiana deposit Electronics;Bedfordshire Strategist;Towels applications;Zimbabwe;Bedfordshire;application scale;indigo National
4;20513;46823;19068;Tools Street;Arkansas reciprocal;Mountain Malaysia supply-chains;Borders hack;Pants;Tasty navigate didactic;payment schemas Industrial;calculating;withdrawal Toys white;olive;Kids Incredible
5;79991;56944;17854;payment Re-contextualized Licensed;Producer;SAS parsing;Branding Concrete;eco-centric Senior;deposit;fuchsia Music Salad;withdrawal circuit;generating frictionless solution-oriented;distributed Computers;Money Market Account users Guinea
6;43612;86106;29446;Metrics;back-end Fresh Missouri;Central digital supply-chains;Bedfordshire;Peru withdrawal Down-sized;invoice;Liaison Tonga;Lari;Sports Global Soft;Bedfordshire Awesome Cotton Tuna;calculating yellow
7;1099;14001;13688;Future;pixel Phased payment;Towels Internal;seize generate;Fantastic Wooden Chips microchip;Generic;Business-focused generate grid-enabled;International card;West Virginia Keys;Factors Soft;black Beauty
8;26226;16201;59507;Refined Granite Sausages Savings Account extensible;Course robust bricks-and-clicks;Buckinghamshire Nepalese Rupee;Forge Licensed;auxiliary;Engineer Toys Fantastic;Licensed;Marketing mobile Cayman Islands Dollar;Computer Uzbekistan;input invoice calculate;Philippine Peso parsing Triple-buffered
9;48942;64666;22120;Associate Branding Small Metal Soap;Officer New Hampshire Unions;Music;card azure Frozen;Data Shoal;Refined Granite Gloves South Georgia and the South Sandwich Islands deposit;Money Market Account Organic;Cliff;Tugrik magnetic interface;Kansas;Maldives bluetooth policy
10;62589;52016;88597;Personal Loan Account Inverse;Track;Books CSS Holy See (Vatican City State);Data Tasty Steel Pants Licensed Steel Shirt;Manor;Utah zero defect;bypass e-services;Russian Federation program;Practical;emulation SQL;Persevering Gorgeous Steel Salad Associate
